"symbol","underlying","expiryDate","strikePrice","side","interval","error"
"BTC-260829-79000-P","BTCUSDT","2026-08-29","79000","PUT","15m","{""code"":-1121,""msg"":""The symbol is either in PENDING_TRADING status or does not exist.""}"
"BTC-260829-79500-C","BTCUSDT","2026-08-29","79500","CALL","15m","{""code"":-1121,""msg"":""The symbol is either in PENDING_TRADING status or does not exist.""}"
"BTC-260829-79500-P","BTCUSDT","2026-08-29","79500","PUT","15m","{""code"":-1121,""msg"":""The symbol is either in PENDING_TRADING status or does not exist.""}"
"BTC-260829-80000-C","BTCUSDT","2026-08-29","80000","CALL","15m","{""code"":-1121,""msg"":""The symbol is either in PENDING_TRADING status or does not exist.""}"
"BTC-260829-80000-P","BTCUSDT","2026-08-29","80000","PUT","15m","{""code"":-1121,""msg"":""The symbol is either in PENDING_TRADING status or does not exist.""}"
"BTC-260829-80500-C","BTCUSDT","2026-08-29","80500","CALL","15m","{""code"":-1121,""msg"":""The symbol is either in PENDING_TRADING status or does not exist.""}"
"BTC-260829-80500-P","BTCUSDT","2026-08-29","80500","PUT","15m","{""code"":-1121,""msg"":""The symbol is either in PENDING_TRADING status or does not exist.""}"
"BTC-260829-81000-C","BTCUSDT","2026-08-29","81000","CALL","15m","{""code"":-1121,""msg"":""The symbol is either in PENDING_TRADING status or does not exist.""}"
"BTC-260829-81000-P","BTCUSDT","2026-08-29","81000","PUT","15m","{""code"":-1121,""msg"":""The symbol is either in PENDING_TRADING status or does not exist.""}"
"BTC-260829-81500-C","BTCUSDT","2026-08-29","81500","CALL","15m","{""code"":-1121,""msg"":""The symbol is either in PENDING_TRADING status or does not exist.""}"
"BTC-260829-81500-P","BTCUSDT","2026-08-29","81500","PUT","15m","{""code"":-1121,""msg"":""The symbol is either in PENDING_TRADING status or does not exist.""}"
"BTC-260829-82000-C","BTCUSDT","2026-08-29","82000","CALL","15m","{""code"":-1121,""msg"":""The symbol is either in PENDING_TRADING status or does not exist.""}"
"BTC-260829-82000-P","BTCUSDT","2026-08-29","82000","PUT","15m","{""code"":-1121,""msg"":""The symbol is either in PENDING_TRADING status or does not exist.""}"
"BTC-260829-82500-C","BTCUSDT","2026-08-29","82500","CALL","15m","{""code"":-1121,""msg"":""The symbol is either in PENDING_TRADING status or does not exist.""}"
"BTC-260829-82500-P","BTCUSDT","2026-08-29","82500","PUT","15m","{""code"":-1121,""msg"":""The symbol is either in PENDING_TRADING status or does not exist.""}"
"BTC-260829-83000-C","BTCUSDT","2026-08-29","83000","CALL","15m","{""code"":-1121,""msg"":""The symbol is either in PENDING_TRADING status or does not exist.""}"
"BTC-260829-83000-P","BTCUSDT","2026-08-29","83000","PUT","15m","{""code"":-1121,""msg"":""The symbol is either in PENDING_TRADING status or does not exist.""}"
"BTC-260829-84000-C","BTCUSDT","2026-08-29","84000","CALL","15m","{""code"":-1121,""msg"":""The symbol is either in PENDING_TRADING status or does not exist.""}"
"BTC-260829-84000-P","BTCUSDT","2026-08-29","84000","PUT","15m","{""code"":-1121,""msg"":""The symbol is either in PENDING_TRADING status or does not exist.""}"
"BTC-260829-85000-C","BTCUSDT","2026-08-29","85000","CALL","15m","{""code"":-1121,""msg"":""The symbol is either in PENDING_TRADING status or does not exist.""}"
"BTC-260829-85000-P","BTCUSDT","2026-08-29","85000","PUT","15m","{""code"":-1121,""msg"":""The symbol is either in PENDING_TRADING status or does not exist.""}"
"BTC-260829-86000-C","BTCUSDT","2026-08-29","86000","CALL","15m","{""code"":-1121,""msg"":""The symbol is either in PENDING_TRADING status or does not exist.""}"
"BTC-260829-86000-P","BTCUSDT","2026-08-29","86000","PUT","15m","{""code"":-1121,""msg"":""The symbol is either in PENDING_TRADING status or does not exist.""}"
