"symbol","underlying","expiryDate","expiryText","strikePrice","side","status"
"BTC-260902-74000-C","BTCUSDT","1788336000000","2026-09-02","74000","CALL","TRADING"
"BTC-260902-74000-P","BTCUSDT","1788336000000","2026-09-02","74000","PUT","TRADING"
"BTC-260902-75500-C","BTCUSDT","1788336000000","2026-09-02","75500","CALL","TRADING"
"BTC-260902-75500-P","BTCUSDT","1788336000000","2026-09-02","75500","PUT","TRADING"
"BTC-260902-76000-C","BTCUSDT","1788336000000","2026-09-02","76000","CALL","TRADING"
"BTC-260902-76000-P","BTCUSDT","1788336000000","2026-09-02","76000","PUT","TRADING"
"BTC-260902-76500-C","BTCUSDT","1788336000000","2026-09-02","76500","CALL","TRADING"
"BTC-260902-76500-P","BTCUSDT","1788336000000","2026-09-02","76500","PUT","TRADING"
"BTC-260902-77000-C","BTCUSDT","1788336000000","2026-09-02","77000","CALL","TRADING"
"BTC-260902-77000-P","BTCUSDT","1788336000000","2026-09-02","77000","PUT","TRADING"
"BTC-260902-77250-C","BTCUSDT","1788336000000","2026-09-02","77250","CALL","TRADING"
"BTC-260902-77250-P","BTCUSDT","1788336000000","2026-09-02","77250","PUT","TRADING"
"BTC-260902-77500-C","BTCUSDT","1788336000000","2026-09-02","77500","CALL","TRADING"
"BTC-260902-77500-P","BTCUSDT","1788336000000","2026-09-02","77500","PUT","TRADING"
"BTC-260902-77750-C","BTCUSDT","1788336000000","2026-09-02","77750","CALL","TRADING"
"BTC-260902-77750-P","BTCUSDT","1788336000000","2026-09-02","77750","PUT","TRADING"
"BTC-260902-78000-C","BTCUSDT","1788336000000","2026-09-02","78000","CALL","TRADING"
"BTC-260902-78000-P","BTCUSDT","1788336000000","2026-09-02","78000","PUT","TRADING"
"BTC-260902-78250-C","BTCUSDT","1788336000000","2026-09-02","78250","CALL","TRADING"
"BTC-260902-78250-P","BTCUSDT","1788336000000","2026-09-02","78250","PUT","TRADING"
"BTC-260902-78500-C","BTCUSDT","1788336000000","2026-09-02","78500","CALL","TRADING"
"BTC-260902-78500-P","BTCUSDT","1788336000000","2026-09-02","78500","PUT","TRADING"
"BTC-260902-78750-C","BTCUSDT","1788336000000","2026-09-02","78750","CALL","TRADING"
"BTC-260902-78750-P","BTCUSDT","1788336000000","2026-09-02","78750","PUT","TRADING"
"BTC-260902-79000-C","BTCUSDT","1788336000000","2026-09-02","79000","CALL","TRADING"
"BTC-260902-79000-P","BTCUSDT","1788336000000","2026-09-02","79000","PUT","TRADING"
"BTC-260902-79250-C","BTCUSDT","1788336000000","2026-09-02","79250","CALL","TRADING"
"BTC-260902-79250-P","BTCUSDT","1788336000000","2026-09-02","79250","PUT","TRADING"
"BTC-260902-79500-C","BTCUSDT","1788336000000","2026-09-02","79500","CALL","TRADING"
"BTC-260902-79500-P","BTCUSDT","1788336000000","2026-09-02","79500","PUT","TRADING"
"BTC-260902-80000-C","BTCUSDT","1788336000000","2026-09-02","80000","CALL","TRADING"
"BTC-260902-80000-P","BTCUSDT","1788336000000","2026-09-02","80000","PUT","TRADING"
"BTC-260902-80500-C","BTCUSDT","1788336000000","2026-09-02","80500","CALL","TRADING"
"BTC-260902-80500-P","BTCUSDT","1788336000000","2026-09-02","80500","PUT","TRADING"
"BTC-260902-81000-C","BTCUSDT","1788336000000","2026-09-02","81000","CALL","TRADING"
"BTC-260902-81000-P","BTCUSDT","1788336000000","2026-09-02","81000","PUT","TRADING"
"BTC-260902-82000-C","BTCUSDT","1788336000000","2026-09-02","82000","CALL","TRADING"
"BTC-260902-82000-P","BTCUSDT","1788336000000","2026-09-02","82000","PUT","TRADING"
"BTC-260902-83000-C","BTCUSDT","1788336000000","2026-09-02","83000","CALL","TRADING"
"BTC-260902-83000-P","BTCUSDT","1788336000000","2026-09-02","83000","PUT","TRADING"
"BTC-260902-84000-C","BTCUSDT","1788336000000","2026-09-02","84000","CALL","TRADING"
"BTC-260902-84000-P","BTCUSDT","1788336000000","2026-09-02","84000","PUT","TRADING"
